{
  "generated_by": {
    "program": "augur",
    "version": "8.0.0"
  },
  "models": {
    "Host": {
      "alphabet": [
        "Homo sapiens",
        "Rhinolophus sinicus",
        "?"
      ],
      "equilibrium_probabilities": [
        0.4079787148535509,
        0.5920212851464491
      ],
      "rate": 9.431822452668941,
      "transition_matrix": [
        [
          0.0,
          2.070118361188476
        ],
        [
          2.070118361188476,
          0.0
        ]
      ]
    },
    "country": {
      "alphabet": [
        "Australia",
        "Brazil",
        "China",
        "Egypt",
        "Germany",
        "India",
        "Italy",
        "Nigeria",
        "Peru",
        "USA",
        "?"
      ],
      "equilibrium_probabilities": [
        0.09359014420129656,
        0.09711409427068186,
        0.12966422602906977,
        0.09703478766081537,
        0.09792858345979763,
        0.09766417033975137,
        0.09802670657002385,
        0.09698461589481559,
        0.09698461589481587,
        0.09500805567893215
      ],
      "rate": 56.31989434257477,
      "transition_matrix": [
        [
          0.0,
          1.4348291599967442,
          1.285610725572195,
          1.1702689330383018,
          1.178395909337065,
          1.2471636691516008,
          1.4344688525841776,
          1.0718365673027994,
          1.0718365673027994,
          1.108593570293813
        ],
        [
          1.4348291599967442,
          0.0,
          1.1833137339369306,
          1.0453080050213652,
          1.034809020982853,
          1.0316973375852128,
          1.0288424018808873,
          1.0299942286055246,
          1.0299942286055246,
          1.0538817952583048
        ],
        [
          1.285610725572195,
          1.1833137339369306,
          0.0,
          1.1445501315254065,
          1.1036020188014377,
          1.0915800816230412,
          1.0843380395013482,
          1.0887993300205066,
          1.0887993300205068,
          1.1612058568543682
        ],
        [
          1.1702689330383018,
          1.0453080050213652,
          1.1445501315254065,
          0.0,
          1.1366778553072774,
          1.0674378459205556,
          1.041514170999021,
          1.0607113134163502,
          1.0607113134163517,
          1.1120290186131958
        ],
        [
          1.178395909337065,
          1.034809020982853,
          1.1036020188014377,
          1.1366778553072774,
          0.0,
          1.1275539772157315,
          1.0574167495322226,
          1.1114677018137584,
          1.1114677018137542,
          1.057085428792379
        ],
        [
          1.2471636691516008,
          1.0316973375852128,
          1.0915800816230412,
          1.0674378459205556,
          1.1275539772157315,
          0.0,
          1.123624799763953,
          1.0570178418322724,
          1.0570178418322724,
          1.0432508914729821
        ],
        [
          1.4344688525841776,
          1.0288424018808873,
          1.0843380395013482,
          1.041514170999021,
          1.0574167495322226,
          1.123624799763953,
          0.0,
          1.0362604144367031,
          1.0362604144367022,
          1.0366758266202278
        ],
        [
          1.0718365673027994,
          1.0299942286055246,
          1.0887993300205066,
          1.0607113134163502,
          1.1114677018137584,
          1.0570178418322724,
          1.0362604144367031,
          0.0,
          1.3954461739366077,
          1.0407417974206958
        ],
        [
          1.0718365673027994,
          1.0299942286055246,
          1.0887993300205068,
          1.0607113134163517,
          1.1114677018137542,
          1.0570178418322724,
          1.0362604144367022,
          1.3954461739366077,
          0.0,
          1.040741797420695
        ],
        [
          1.108593570293813,
          1.0538817952583048,
          1.1612058568543682,
          1.1120290186131958,
          1.057085428792379,
          1.0432508914729821,
          1.0366758266202278,
          1.0407417974206958,
          1.040741797420695,
          0.0
        ]
      ]
    },
    "region": {
      "alphabet": [
        "Dusseldorf",
        "Gujarat, Ahmedabad",
        "Lazio",
        "Northern Territory",
        "Victoria",
        "Washington",
        "no_data",
        "?"
      ],
      "equilibrium_probabilities": [
        0.1354260055932099,
        0.13546514061702122,
        0.13783305834337653,
        0.13517328294068046,
        0.13783305834337814,
        0.1327418036934398,
        0.18552765046889405
      ],
      "rate": 40.417346200222724,
      "transition_matrix": [
        [
          0.0,
          1.0243391498992065,
          1.0202566015928238,
          1.0179198006426726,
          1.0202566015928238,
          1.0234268799589876,
          1.599149140130904
        ],
        [
          1.0243391498992065,
          0.0,
          1.1362301681376128,
          1.0195914944977351,
          1.13623016813762,
          1.025041985835537,
          1.2921768289262532
        ],
        [
          1.0202566015928238,
          1.1362301681376128,
          0.0,
          1.01831615484895,
          1.419406402777088,
          1.0237561596441698,
          1.1582107948423968
        ],
        [
          1.0179198006426726,
          1.0195914944977351,
          1.01831615484895,
          0.0,
          1.0183161548489503,
          1.0224902386660517,
          1.6042602973315458
        ],
        [
          1.0202566015928238,
          1.13623016813762,
          1.419406402777088,
          1.0183161548489503,
          0.0,
          1.0237561596441693,
          1.158210794842402
        ],
        [
          1.0234268799589876,
          1.025041985835537,
          1.0237561596441698,
          1.0224902386660517,
          1.0237561596441693,
          0.0,
          1.368944208500929
        ],
        [
          1.599149140130904,
          1.2921768289262532,
          1.1582107948423968,
          1.6042602973315458,
          1.158210794842402,
          1.368944208500929,
          0.0
        ]
      ]
    }
  },
  "nodes": {
    "MG772933.1": {
      "Host": "Rhinolophus sinicus",
      "Host_confidence": {
        "Rhinolophus sinicus": 1.0
      },
      "Host_entropy": -1.000088900581841e-12,
      "country": "China",
      "country_confidence": {
        "China": 1.0
      },
      "country_entropy": -1.000088900581841e-12,
      "region": "no_data",
      "region_confidence": {
        "no_data": 1.0
      },
      "region_entropy": -1.000088900581841e-12
    },
    "MN908947.3": {
      "Host": "Homo sapiens",
      "Host_confidence": {
        "Homo sapiens": 1.0
      },
      "Host_entropy": -1.000088900581841e-12,
      "country": "China",
      "country_confidence": {
        "China": 1.0
      },
      "country_entropy": -1.000088900581841e-12,
      "region": "no_data",
      "region_confidence": {
        "no_data": 1.0
      },
      "region_entropy": -1.000088900581841e-12
    },
    "MT263074.1": {
      "Host": "Homo sapiens",
      "Host_confidence": {
        "Homo sapiens": 1.0
      },
      "Host_entropy": -1.000088900581841e-12,
      "country": "Peru",
      "country_confidence": {
        "Peru": 1.0
      },
      "country_entropy": -1.000088900581841e-12,
      "region": "no_data",
      "region_confidence": {
        "no_data": 1.0
      },
      "region_entropy": -1.000088900581841e-12
    },
    "MT350282.1": {
      "Host": "Homo sapiens",
      "Host_confidence": {
        "Homo sapiens": 1.0
      },
      "Host_entropy": -1.000088900581841e-12,
      "country": "Brazil",
      "country_confidence": {
        "Brazil": 0.9999999999999999
      },
      "country_entropy": -9.99866855976916e-13,
      "region": "no_data",
      "region_confidence": {
        "no_data": 1.0
      },